Reference,Passage,Source,Topic,Commit date,Review date,Level,Labels,Image URL,Note
Isaiah 26:3,"You will keep whoever's mind is steadfast in perfect peace, because he trusts in you.",WEB,,,,,Peace,,
Matthew 11:28,"Come to me, all you who labor and are heavily burdened, and I will give you rest.",WEB,,,,,Peace,,
Psalm 46:10,"Be still, and know that I am God. I will be exalted among the nations. I will be exalted in the earth.",WEB,,,,,Peace,,
Romans 15:13,"Now may the God of hope fill you with all joy and peace in believing, that you may abound in hope in the power of the Holy Spirit.",WEB,,,,,Hope,,Pray this for the small group.
John 3:16,"For God so loved the world, that he gave his only born Son, that whoever believes in him should not perish, but have eternal life.",WEB,God's love,2026-08-03,2026-09-20,3,Gospel,,
Psalm 119:105,"Your word is a lamp to my feet, and a light for my path.",WEB,,2026-08-17,2026-09-28,2,God's Word,,
Proverbs 3:5-6,"Trust in Yahweh with all your heart, and don't lean on your own understanding. In all your ways acknowledge him, and he will make your paths straight.",WEB,,2026-07-06,2026-09-14,4,Trust,,
Romans 8:28,"We know that all things work together for good for those who love God, for those who are called according to his purpose.",WEB,,2026-09-07,2026-10-01,1,Trust,,
Psalm 23:1,"Yahweh is my shepherd; I shall lack nothing.",WEB,,2026-04-06,2026-10-01,8,Trust,,
John 14:27,"Peace I leave with you. My peace I give to you; not as the world gives, I give to you. Don't let your heart be troubled, neither let it be fearful.",WEB,,2026-05-04,2026-10-02,8,Peace,,
Joshua 1:9,"Haven't I commanded you? Be strong and courageous. Don't be afraid. Don't be dismayed, for Yahweh your God is with you wherever you go.",WEB,,2026-05-18,2026-10-03,8,Trust,,Memory verse from the youth camp.
Philippians 4:13,"I can do all things through Christ who strengthens me.",WEB,,2026-06-01,2026-10-05,8,Trust,,
